Sample,Family,Genus,Species,Count,Transect
SBY_20110622_SB_DOV_1,Nemipteridae,Pentapodus,vitta,1,1
SBY_20110622_SB_DOV_1,Labridae,Thalassoma,lutescens,1,1
SBY_20110622_SB_DOV_1,Labridae,Thalassoma,lunare,1,1
SBY_20110622_SB_DOV_1,Pomacentridae,Pomacentrus,coelestis,1,1
SBY_20110622_SB_DOV_1,Pomacentridae,Pomacentrus,coelestis,1,1
SBY_20110622_SB_DOV_1,Labridae,Labroides,dimidiatus,1,1
SBY_20110622_SB_DOV_1,Labridae,Thalassoma,lutescens,1,1
SBY_20110622_SB_DOV_1,Haemulidae,Plectorhinchus,flavomaculatus,1,1
SBY_20110622_SB_DOV_1,Labridae,Thalassoma,lunare,1,1
SBY_20110622_SB_DOV_1,Scaridae,Scarus,ghobban,1,1
SBY_20110622_SB_DOV_1,Acanthuridae,Acanthurus,grammoptilus,1,1
SBY_20110622_SB_DOV_1,Acanthuridae,Acanthurus,grammoptilus,1,1
SBY_20110622_SB_DOV_1,Scaridae,Chlorurus,sordidus,1,1
SBY_20110622_SB_DOV_1,Scaridae,Chlorurus,sordidus,1,1
SBY_20110622_SB_DOV_1,Scaridae,Chlorurus,sordidus,1,1
SBY_20110622_SB_DOV_1,Scaridae,Chlorurus,sordidus,1,1
SBY_20110622_SB_DOV_1,Scaridae,Chlorurus,sordidus,1,1
SBY_20110622_SB_DOV_1,Scaridae,Chlorurus,sordidus,1,1
SBY_20110622_SB_DOV_1,Scaridae,Chlorurus,sordidus,1,1
SBY_20110622_SB_DOV_1,Chaetodontidae,Chaetodon,assarius,1,1
SBY_20110622_SB_DOV_1,Chaetodontidae,Chaetodon,assarius,1,1
SBY_20110622_SB_DOV_1,Labridae,Thalassoma,lutescens,1,1
SBY_20110622_SB_DOV_1,Pomacentridae,Pomacentrus,coelestis,1,1
SBY_20110622_SB_DOV_1,Pomacentridae,Pomacentrus,coelestis,1,1
SBY_20110622_SB_DOV_1,Pomacentridae,Pomacentrus,coelestis,1,1
SBY_20110622_SB_DOV_1,Acanthuridae,Acanthurus,grammoptilus,1,1
SBY_20110622_SB_DOV_1,Acanthuridae,Acanthurus,triostegus,1,1
SBY_20110622_SB_DOV_1,Labridae,Anampses,melanurus,1,1
SBY_20110622_SB_DOV_1,Chaetodontidae,Chaetodon,assarius,5,1
SBY_20110622_SB_DOV_1,Scaridae,Chlorurus,sordidus,28,1
SBY_20110622_SB_DOV_1,Labridae,Choerodon,rubescens,1,1
SBY_20110622_SB_DOV_1,Pomacentridae,Chromis,atripectoralis,10,1
SBY_20110622_SB_DOV_1,Labridae,Coris,auricularis,3,1
SBY_20110622_SB_DOV_1,Pomacentridae,Dascyllus,reticulatus,7,1
SBY_20110622_SB_DOV_1,Pomacentridae,Dascyllus,trimaculatus,1,1
SBY_20110622_SB_DOV_1,Pomacentridae,Dascyllus,trimaculatus,2,1
SBY_20110622_SB_DOV_1,Labridae,Halichoeres,nebulosus,2,1
SBY_20110622_SB_DOV_1,Kyphosidae,Kyphosus,cornelii,1,1
SBY_20110622_SB_DOV_1,Labridae,Labroides,dimidiatus,3,1
SBY_20110622_SB_DOV_1,Pomacentridae,Parma,occidentalis,1,1
SBY_20110622_SB_DOV_1,Mullidae,Parupeneus,spilurus,4,1
SBY_20110622_SB_DOV_1,Nemipteridae,Pentapodus,vitta,4,1
SBY_20110622_SB_DOV_1,Haemulidae,Plectorhinchus,flavomaculatus,3,1
SBY_20110622_SB_DOV_1,Pomacentridae,Pomacentrus,coelestis,8,1
SBY_20110622_SB_DOV_1,Pomacentridae,Pomacentrus,coelestis,63,1
SBY_20110622_SB_DOV_1,Pomacentridae,Pomacentrus,moluccensis,1,1
SBY_20110622_SB_DOV_1,Scaridae,Scarus,ghobban,8,1
SBY_20110622_SB_DOV_1,Pomacentridae,Stegastes,obreptus,1,1
SBY_20110622_SB_DOV_1,Labridae,Thalassoma,lunare,1,1
SBY_20110622_SB_DOV_1,Labridae,Thalassoma,lunare,18,1
SBY_20110622_SB_DOV_1,Labridae,Thalassoma,lutescens,3,1
SBY_20110622_SB_DOV_1,Labridae,Choerodon,spp,14,1
SBY_20110622_SB_DOV_1,Serranidae,Epinephelus,spp,3,1
SBY_20110622_SB_DOV_1,Haemulidae,Unknown,spp,1,1
SBY_20110622_SB_DOV_1,Kyphosidae,Kyphosus,spp,1,1
SBY_20110622_SB_DOV_1,Labridae,Unknown,spp,1,1
SBY_20110622_SB_DOV_1,Labridae,Unknown,spp,21,1
SBY_20110622_SB_DOV_1,Pomacentridae,Unknown,spp,2,1
SBY_20110622_SB_DOV_1,Pomacentridae,Unknown,spp,3,1
SBY_20110622_SB_DOV_1,Pomacentridae,Pomacentrus,spp,1,1
SBY_20110622_SB_DOV_1,Scaridae,Unknown,spp,81,1
SBY_20110622_SB_DOV_2,Pomacentridae,Abudefduf,bengalensis,1,2
SBY_20110622_SB_DOV_2,Labridae,Thalassoma,lunare,1,2
SBY_20110622_SB_DOV_2,Scaridae,Chlorurus,sordidus,1,2
SBY_20110622_SB_DOV_2,Scaridae,Chlorurus,sordidus,1,2
SBY_20110622_SB_DOV_2,Haemulidae,Plectorhinchus,flavomaculatus,1,2
SBY_20110622_SB_DOV_2,Labridae,Thalassoma,lutescens,1,2
SBY_20110622_SB_DOV_2,Pomacentridae,Abudefduf,bengalensis,1,2
SBY_20110622_SB_DOV_2,Scaridae,Chlorurus,sordidus,1,2
SBY_20110622_SB_DOV_2,Pomacentridae,Chromis,westaustralis,1,2
SBY_20110622_SB_DOV_2,Kyphosidae,Kyphosus,cornelii,1,2
SBY_20110622_SB_DOV_2,Haemulidae,Plectorhinchus,flavomaculatus,1,2
SBY_20110622_SB_DOV_2,Scaridae,Chlorurus,sordidus,1,2
SBY_20110622_SB_DOV_2,Scaridae,Chlorurus,sordidus,1,2
SBY_20110622_SB_DOV_2,Nemipteridae,Pentapodus,vitta,1,2
SBY_20110622_SB_DOV_2,Scaridae,Scarus,ghobban,1,2
SBY_20110622_SB_DOV_2,Pomacentridae,Stegastes,obreptus,1,2
SBY_20110622_SB_DOV_2,Labridae,Thalassoma,lutescens,1,2
SBY_20110622_SB_DOV_2,Labridae,Unknown,spp,1,2
SBY_20110622_SB_DOV_2,Pomacentridae,Pomacentrus,coelestis,1,2
SBY_20110622_SB_DOV_2,Nemipteridae,Pentapodus,vitta,1,2
SBY_20110622_SB_DOV_2,Haemulidae,Plectorhinchus,flavomaculatus,1,2
SBY_20110622_SB_DOV_2,Haemulidae,Plectorhinchus,flavomaculatus,1,2
SBY_20110622_SB_DOV_2,Nemipteridae,Pentapodus,vitta,1,2
SBY_20110622_SB_DOV_2,Chaetodontidae,Chaetodon,trifascialis,1,2
SBY_20110622_SB_DOV_2,Nemipteridae,Pentapodus,vitta,1,2
SBY_20110622_SB_DOV_2,Pomacentridae,Pomacentrus,coelestis,1,2
SBY_20110622_SB_DOV_2,Pomacentridae,Dascyllus,reticulatus,1,2
SBY_20110622_SB_DOV_2,Pomacentridae,Dascyllus,trimaculatus,1,2
SBY_20110622_SB_DOV_2,Pomacentridae,Dascyllus,trimaculatus,1,2
SBY_20110622_SB_DOV_2,Pomacentridae,Dascyllus,trimaculatus,1,2
SBY_20110622_SB_DOV_2,Pomacentridae,Pomacentrus,coelestis,1,2
SBY_20110622_SB_DOV_2,Pomacentridae,Pomacentrus,coelestis,1,2
SBY_20110622_SB_DOV_2,Pomacentridae,Pomacentrus,coelestis,1,2
SBY_20110622_SB_DOV_2,Haemulidae,Plectorhinchus,flavomaculatus,1,2
SBY_20110622_SB_DOV_2,Nemipteridae,Pentapodus,vitta,1,2
SBY_20110622_SB_DOV_2,Pomacentridae,Abudefduf,bengalensis,5,2
SBY_20110622_SB_DOV_2,Pomacentridae,Abudefduf,sexfasciatus,1,2
SBY_20110622_SB_DOV_2,Pomacentridae,Abudefduf,vaigiensis,1,2
SBY_20110622_SB_DOV_2,Acanthuridae,Acanthurus,triostegus,1,2
SBY_20110622_SB_DOV_2,Chaetodontidae,Chaetodon,assarius,2,2
SBY_20110622_SB_DOV_2,Chaetodontidae,Chaetodon,auriga,1,2
SBY_20110622_SB_DOV_2,Chaetodontidae,Chaetodon,plebeius,7,2
SBY_20110622_SB_DOV_2,Chaetodontidae,Chaetodon,trifascialis,1,2
SBY_20110622_SB_DOV_2,Chaetodontidae,Chaetodon,trifascialis,2,2
SBY_20110622_SB_DOV_2,Scaridae,Chlorurus,sordidus,70,2
SBY_20110622_SB_DOV_2,Labridae,Choerodon,rubescens,1,2
SBY_20110622_SB_DOV_2,Pomacentridae,Chromis,westaustralis,5,2
SBY_20110622_SB_DOV_2,Pomacentridae,Dascyllus,reticulatus,6,2
SBY_20110622_SB_DOV_2,Pomacentridae,Dascyllus,trimaculatus,5,2
SBY_20110622_SB_DOV_2,Serranidae,Epinephelus,rivulatus,1,2
SBY_20110622_SB_DOV_2,Labridae,Halichoeres,nebulosus,2,2
SBY_20110622_SB_DOV_2,Kyphosidae,Kyphosus,cornelii,3,2
SBY_20110622_SB_DOV_2,Labridae,Labroides,dimidiatus,1,2
SBY_20110622_SB_DOV_2,Mullidae,Parupeneus,indicus,1,2
SBY_20110622_SB_DOV_2,Nemipteridae,Pentapodus,vitta,12,2
SBY_20110622_SB_DOV_2,Haemulidae,Plectorhinchus,flavomaculatus,5,2
SBY_20110622_SB_DOV_2,Pomacentridae,Plectroglyphidodon,johnstonianus,2,2
SBY_20110622_SB_DOV_2,Pomacentridae,Pomacentrus,coelestis,47,2
SBY_20110622_SB_DOV_2,Scaridae,Scarus,ghobban,5,2
SBY_20110622_SB_DOV_2,Pomacentridae,Stegastes,obreptus,5,2
SBY_20110622_SB_DOV_2,Labridae,Thalassoma,lunare,19,2
SBY_20110622_SB_DOV_2,Labridae,Thalassoma,lutescens,5,2
SBY_20110622_SB_DOV_2,Pomacentridae,Abudefduf,spp,1,2
SBY_20110622_SB_DOV_2,Labridae,Choerodon,spp,2,2
SBY_20110622_SB_DOV_2,Labridae,Unknown,spp,12,2
SBY_20110622_SB_DOV_2,Pomacentridae,Unknown,spp,2,2
SBY_20110622_SB_DOV_2,Scaridae,Unknown,spp,3,2
SBY_20110622_SB_DOV_3,Haemulidae,Plectorhinchus,flavomaculatus,1,3
SBY_20110622_SB_DOV_3,Labridae,Thalassoma,lutescens,1,3
SBY_20110622_SB_DOV_3,Kyphosidae,Kyphosus,cornelii,1,3
SBY_20110622_SB_DOV_3,Kyphosidae,Kyphosus,cornelii,1,3
SBY_20110622_SB_DOV_3,Scaridae,Scarus,ghobban,1,3
SBY_20110622_SB_DOV_3,Chaetodontidae,Chaetodon,assarius,1,3
SBY_20110622_SB_DOV_3,Scaridae,Chlorurus,sordidus,1,3
SBY_20110622_SB_DOV_3,Acanthuridae,Acanthurus,triostegus,1,3
SBY_20110622_SB_DOV_3,Acanthuridae,Acanthurus,triostegus,1,3
SBY_20110622_SB_DOV_3,Acanthuridae,Acanthurus,triostegus,1,3
SBY_20110622_SB_DOV_3,Acanthuridae,Acanthurus,grammoptilus,1,3
SBY_20110622_SB_DOV_3,Acanthuridae,Acanthurus,grammoptilus,18,3
SBY_20110622_SB_DOV_3,Acanthuridae,Acanthurus,triostegus,30,3
SBY_20110622_SB_DOV_3,Chaetodontidae,Chaetodon,assarius,3,3
SBY_20110622_SB_DOV_3,Scaridae,Chlorurus,sordidus,29,3
SBY_20110622_SB_DOV_3,Labridae,Choerodon,rubescens,2,3
SBY_20110622_SB_DOV_3,Labridae,Coris,auricularis,1,3
SBY_20110622_SB_DOV_3,Labridae,Halichoeres,nebulosus,4,3
SBY_20110622_SB_DOV_3,Labridae,Hemigymnus,fasciatus,1,3
SBY_20110622_SB_DOV_3,Kyphosidae,Kyphosus,cornelii,4,3
SBY_20110622_SB_DOV_3,Mullidae,Parupeneus,spilurus,3,3
SBY_20110622_SB_DOV_3,Nemipteridae,Pentapodus,vitta,2,3
SBY_20110622_SB_DOV_3,Haemulidae,Plectorhinchus,flavomaculatus,1,3
SBY_20110622_SB_DOV_3,Pomacentridae,Pomacentrus,coelestis,2,3
SBY_20110622_SB_DOV_3,Scaridae,Scarus,ghobban,7,3
SBY_20110622_SB_DOV_3,Pomacentridae,Stegastes,obreptus,3,3
SBY_20110622_SB_DOV_3,Labridae,Thalassoma,lunare,8,3
SBY_20110622_SB_DOV_3,Labridae,Thalassoma,lutescens,2,3
SBY_20110622_SB_DOV_3,Labridae,Choerodon,spp,8,3
SBY_20110622_SB_DOV_3,Labridae,Unknown,spp,63,3
SBY_20110622_SB_DOV_3,Scaridae,Unknown,spp,8,3
SBY_20110622_SB_DOV_4,Pomacentridae,Pomacentrus,coelestis,1,4
SBY_20110622_SB_DOV_4,Pomacentridae,Pomacentrus,coelestis,1,4
SBY_20110622_SB_DOV_4,Pomacentridae,Pomacentrus,coelestis,1,4
SBY_20110622_SB_DOV_4,Pomacentridae,Abudefduf,sexfasciatus,1,4
SBY_20110622_SB_DOV_4,Pomacentridae,Pomacentrus,coelestis,1,4
SBY_20110622_SB_DOV_4,Pomacentridae,Pomacentrus,coelestis,1,4
SBY_20110622_SB_DOV_4,Acanthuridae,Acanthurus,grammoptilus,1,4
SBY_20110622_SB_DOV_4,Acanthuridae,Acanthurus,grammoptilus,1,4
SBY_20110622_SB_DOV_4,Pomacentridae,Pomacentrus,coelestis,1,4
SBY_20110622_SB_DOV_4,Pomacentridae,Pomacentrus,coelestis,1,4
SBY_20110622_SB_DOV_4,Pomacentridae,Pomacentrus,coelestis,1,4
SBY_20110622_SB_DOV_4,Labridae,Thalassoma,lunare,1,4
SBY_20110622_SB_DOV_4,Pomacanthidae,Pomacanthus,semicirculatus,1,4
SBY_20110622_SB_DOV_4,Labridae,Coris,auricularis,1,4
SBY_20110622_SB_DOV_4,Pomacentridae,Dascyllus,trimaculatus,1,4
SBY_20110622_SB_DOV_4,Labridae,Thalassoma,lunare,1,4
SBY_20110622_SB_DOV_4,Labridae,Thalassoma,lunare,1,4
SBY_20110622_SB_DOV_4,Acanthuridae,Acanthurus,grammoptilus,1,4
SBY_20110622_SB_DOV_4,Pomacentridae,Abudefduf,sexfasciatus,1,4
SBY_20110622_SB_DOV_4,Labridae,Choerodon,rubescens,1,4
SBY_20110622_SB_DOV_4,Pomacentridae,Pomacentrus,coelestis,1,4
SBY_20110622_SB_DOV_4,Acanthuridae,Acanthurus,grammoptilus,1,4
SBY_20110622_SB_DOV_4,Pomacentridae,Dascyllus,reticulatus,1,4
SBY_20110622_SB_DOV_4,Pomacentridae,Abudefduf,sexfasciatus,1,4
SBY_20110622_SB_DOV_4,Pomacentridae,Abudefduf,sexfasciatus,1,4
SBY_20110622_SB_DOV_4,Pomacentridae,Abudefduf,sexfasciatus,1,4
SBY_20110622_SB_DOV_4,Pomacentridae,Abudefduf,sexfasciatus,1,4
SBY_20110622_SB_DOV_4,Pomacentridae,Abudefduf,sexfasciatus,1,4
SBY_20110622_SB_DOV_4,Pomacentridae,Abudefduf,sexfasciatus,1,4
SBY_20110622_SB_DOV_4,Pomacentridae,Abudefduf,sexfasciatus,1,4
SBY_20110622_SB_DOV_4,Pomacentridae,Abudefduf,sexfasciatus,1,4
SBY_20110622_SB_DOV_4,Pomacentridae,Abudefduf,sexfasciatus,1,4
SBY_20110622_SB_DOV_4,Pomacentridae,Abudefduf,sexfasciatus,1,4
SBY_20110622_SB_DOV_4,Pomacentridae,Abudefduf,sexfasciatus,1,4
SBY_20110622_SB_DOV_4,Pomacentridae,Abudefduf,sexfasciatus,1,4
SBY_20110622_SB_DOV_4,Pomacentridae,Abudefduf,sexfasciatus,1,4
SBY_20110622_SB_DOV_4,Pomacentridae,Abudefduf,sexfasciatus,1,4
SBY_20110622_SB_DOV_4,Chaetodontidae,Chaetodon,plebeius,1,4
SBY_20110622_SB_DOV_4,Labridae,Thalassoma,lunare,1,4
SBY_20110622_SB_DOV_4,Pomacentridae,Abudefduf,sexfasciatus,1,4
SBY_20110622_SB_DOV_4,Labridae,Thalassoma,lunare,1,4
SBY_20110622_SB_DOV_4,Pomacentridae,Chromis,westaustralis,1,4
SBY_20110622_SB_DOV_4,Pomacentridae,Chromis,westaustralis,1,4
SBY_20110622_SB_DOV_4,Pomacentridae,Pomacentrus,coelestis,1,4
SBY_20110622_SB_DOV_4,Pomacentridae,Stegastes,obreptus,1,4
SBY_20110622_SB_DOV_4,Labridae,Thalassoma,lunare,1,4
SBY_20110622_SB_DOV_4,Pomacentridae,Abudefduf,bengalensis,2,4
SBY_20110622_SB_DOV_4,Pomacentridae,Abudefduf,sexfasciatus,385,4
SBY_20110622_SB_DOV_4,Pomacentridae,Abudefduf,sexfasciatus,93,4
SBY_20110622_SB_DOV_4,Acanthuridae,Acanthurus,grammoptilus,8,4
SBY_20110622_SB_DOV_4,Acanthuridae,Acanthurus,grammoptilus,1,4
SBY_20110622_SB_DOV_4,Chaetodontidae,Chaetodon,auriga,1,4
SBY_20110622_SB_DOV_4,Chaetodontidae,Chaetodon,plebeius,1,4
SBY_20110622_SB_DOV_4,Chaetodontidae,Chaetodon,plebeius,1,4
SBY_20110622_SB_DOV_4,Chaetodontidae,Chaetodon,plebeius,4,4
SBY_20110622_SB_DOV_4,Chaetodontidae,Chaetodon,trifascialis,2,4
SBY_20110622_SB_DOV_4,Scaridae,Chlorurus,sordidus,2,4
SBY_20110622_SB_DOV_4,Scaridae,Chlorurus,sordidus,2,4
SBY_20110622_SB_DOV_4,Labridae,Choerodon,rubescens,1,4
SBY_20110622_SB_DOV_4,Labridae,Choerodon,rubescens,2,4
SBY_20110622_SB_DOV_4,Pomacentridae,Chromis,westaustralis,23,4
SBY_20110622_SB_DOV_4,Pomacentridae,Chromis,westaustralis,11,4
SBY_20110622_SB_DOV_4,Labridae,Coris,auricularis,2,4
SBY_20110622_SB_DOV_4,Labridae,Coris,auricularis,1,4
SBY_20110622_SB_DOV_4,Pomacentridae,Dascyllus,reticulatus,1,4
SBY_20110622_SB_DOV_4,Pomacentridae,Dascyllus,reticulatus,14,4
SBY_20110622_SB_DOV_4,Pomacentridae,Dascyllus,trimaculatus,2,4
SBY_20110622_SB_DOV_4,Pomacentridae,Dascyllus,trimaculatus,2,4
SBY_20110622_SB_DOV_4,Labridae,Halichoeres,nebulosus,4,4
SBY_20110622_SB_DOV_4,Labridae,Halichoeres,nebulosus,4,4
SBY_20110622_SB_DOV_4,Kyphosidae,Kyphosus,cornelii,3,4
SBY_20110622_SB_DOV_4,Kyphosidae,Kyphosus,cornelii,1,4
SBY_20110622_SB_DOV_4,Kyphosidae,Kyphosus,sydneyanus,2,4
SBY_20110622_SB_DOV_4,Labridae,Labroides,dimidiatus,2,4
SBY_20110622_SB_DOV_4,Pomacentridae,Neoglyphidodon,melas,1,4
SBY_20110622_SB_DOV_4,Mullidae,Parupeneus,spilurus,1,4
SBY_20110622_SB_DOV_4,Mullidae,Parupeneus,spilurus,2,4
SBY_20110622_SB_DOV_4,Nemipteridae,Pentapodus,vitta,2,4
SBY_20110622_SB_DOV_4,Pomacentridae,Pomacentrus,coelestis,12,4
SBY_20110622_SB_DOV_4,Pomacentridae,Pomacentrus,coelestis,77,4
SBY_20110622_SB_DOV_4,Scaridae,Scarus,ghobban,2,4
SBY_20110622_SB_DOV_4,Pomacentridae,Stegastes,obreptus,9,4
SBY_20110622_SB_DOV_4,Pomacentridae,Stegastes,obreptus,9,4
SBY_20110622_SB_DOV_4,Labridae,Thalassoma,lunare,11,4
SBY_20110622_SB_DOV_4,Labridae,Thalassoma,lunare,14,4
SBY_20110622_SB_DOV_4,Labridae,Thalassoma,lutescens,5,4
SBY_20110622_SB_DOV_4,Labridae,Thalassoma,lutescens,5,4
SBY_20110622_SB_DOV_4,Pomacentridae,Amphiprion,spp,2,4
SBY_20110622_SB_DOV_4,Labridae,Choerodon,spp,6,4
SBY_20110622_SB_DOV_4,Labridae,Choerodon,spp,3,4
SBY_20110622_SB_DOV_4,Pomacentridae,Chromis,spp,150,4
SBY_20110622_SB_DOV_4,Pomacentridae,Chromis,spp,10,4
SBY_20110622_SB_DOV_4,Pomacentridae,Dascyllus,spp,2,4
SBY_20110622_SB_DOV_4,Kyphosidae,Kyphosus,spp,1,4
SBY_20110622_SB_DOV_4,Labridae,Unknown,spp,9,4
SBY_20110622_SB_DOV_4,Labridae,Unknown,spp,18,4
SBY_20110622_SB_DOV_4,Pomacentridae,Unknown,spp,3,4
SBY_20110622_SB_DOV_4,Pomacentridae,Unknown,spp,3,4
SBY_20110622_SB_DOV_4,Pomacentridae,Pomacentrus,spp,4,4
SBY_20110622_SB_DOV_4,Pomacentridae,Pomacentrus,spp,1,4
SBY_20110622_SB_DOV_4,Scaridae,Unknown,spp,4,4
SBY_20110622_SB_DOV_4,Scaridae,Unknown,spp,3,4
SBY_20110622_SB_DOV_5,Labridae,Thalassoma,lunare,1,5
SBY_20110622_SB_DOV_5,Nemipteridae,Pentapodus,vitta,1,5
SBY_20110622_SB_DOV_5,Labridae,Thalassoma,lunare,1,5
SBY_20110622_SB_DOV_5,Labridae,Thalassoma,lutescens,1,5
SBY_20110622_SB_DOV_5,Nemipteridae,Pentapodus,vitta,1,5
SBY_20110622_SB_DOV_5,Pomacentridae,Pomacentrus,coelestis,1,5
SBY_20110622_SB_DOV_5,Labridae,Coris,auricularis,1,5
SBY_20110622_SB_DOV_5,Nemipteridae,Pentapodus,vitta,1,5
SBY_20110622_SB_DOV_5,Scaridae,Chlorurus,sordidus,1,5
SBY_20110622_SB_DOV_5,Labridae,Choerodon,rubescens,1,5
SBY_20110622_SB_DOV_5,Labridae,Coris,auricularis,1,5
SBY_20110622_SB_DOV_5,Pomacentridae,Dascyllus,reticulatus,1,5
SBY_20110622_SB_DOV_5,Labridae,Thalassoma,lunare,1,5
SBY_20110622_SB_DOV_5,Labridae,Thalassoma,lunare,1,5
SBY_20110622_SB_DOV_5,Pomacentridae,Stegastes,obreptus,1,5
SBY_20110622_SB_DOV_5,Nemipteridae,Pentapodus,vitta,1,5
SBY_20110622_SB_DOV_5,Pomacentridae,Pomacentrus,coelestis,1,5
SBY_20110622_SB_DOV_5,Pomacentridae,Pomacentrus,coelestis,1,5
SBY_20110622_SB_DOV_5,Pomacentridae,Pomacentrus,coelestis,1,5
SBY_20110622_SB_DOV_5,Labridae,Labroides,dimidiatus,1,5
SBY_20110622_SB_DOV_5,Kyphosidae,Kyphosus,cornelii,1,5
SBY_20110622_SB_DOV_5,Nemipteridae,Pentapodus,vitta,1,5
SBY_20110622_SB_DOV_5,Pomacentridae,Pomacentrus,coelestis,1,5
SBY_20110622_SB_DOV_5,Pomacentridae,Pomacentrus,coelestis,1,5
SBY_20110622_SB_DOV_5,Pomacentridae,Pomacentrus,coelestis,1,5
SBY_20110622_SB_DOV_5,Labridae,Choerodon,rubescens,1,5
SBY_20110622_SB_DOV_5,Pomacentridae,Pomacentrus,coelestis,1,5
SBY_20110622_SB_DOV_5,Pomacentridae,Pomacentrus,coelestis,1,5
SBY_20110622_SB_DOV_5,Pomacentridae,Pomacentrus,coelestis,1,5
SBY_20110622_SB_DOV_5,Labridae,Thalassoma,lutescens,1,5
SBY_20110622_SB_DOV_5,Mullidae,Parupeneus,spilurus,1,5
SBY_20110622_SB_DOV_5,Chaetodontidae,Chaetodon,trifascialis,1,5
SBY_20110622_SB_DOV_5,Pomacentridae,Stegastes,obreptus,1,5
SBY_20110622_SB_DOV_5,Pomacentridae,Abudefduf,sexfasciatus,1,5
SBY_20110622_SB_DOV_5,Pomacentridae,Abudefduf,sexfasciatus,1,5
SBY_20110622_SB_DOV_5,Pomacentridae,Abudefduf,sexfasciatus,1,5
SBY_20110622_SB_DOV_5,Pomacentridae,Stegastes,obreptus,1,5
SBY_20110622_SB_DOV_5,Labridae,Thalassoma,lunare,1,5
SBY_20110622_SB_DOV_5,Pomacentridae,Abudefduf,sexfasciatus,18,5
SBY_20110622_SB_DOV_5,Pomacentridae,Abudefduf,sexfasciatus,3,5
SBY_20110622_SB_DOV_5,Pomacentridae,Abudefduf,vaigiensis,160,5
SBY_20110622_SB_DOV_5,Pomacentridae,Abudefduf,vaigiensis,1,5
SBY_20110622_SB_DOV_5,Labridae,Anampses,melanurus,2,5
SBY_20110622_SB_DOV_5,Chaetodontidae,Chaetodon,assarius,9,5
SBY_20110622_SB_DOV_5,Chaetodontidae,Chaetodon,aureofasciatus,1,5
SBY_20110622_SB_DOV_5,Chaetodontidae,Chaetodon,trifascialis,6,5
SBY_20110622_SB_DOV_5,Scaridae,Chlorurus,sordidus,3,5
SBY_20110622_SB_DOV_5,Labridae,Choerodon,rubescens,1,5
SBY_20110622_SB_DOV_5,Pomacentridae,Chromis,atripectoralis,130,5
SBY_20110622_SB_DOV_5,Labridae,Coris,auricularis,5,5
SBY_20110622_SB_DOV_5,Labridae,Coris,auricularis,1,5
SBY_20110622_SB_DOV_5,Labridae,Coris,auricularis,2,5
SBY_20110622_SB_DOV_5,Pomacentridae,Dascyllus,reticulatus,24,5
SBY_20110622_SB_DOV_5,Pomacentridae,Dascyllus,reticulatus,5,5
SBY_20110622_SB_DOV_5,Labridae,Halichoeres,nebulosus,2,5
SBY_20110622_SB_DOV_5,Labridae,Halichoeres,nebulosus,4,5
SBY_20110622_SB_DOV_5,Labridae,Labroides,dimidiatus,2,5
SBY_20110622_SB_DOV_5,Labridae,Labroides,dimidiatus,1,5
SBY_20110622_SB_DOV_5,Nemipteridae,Pentapodus,vitta,3,5
SBY_20110622_SB_DOV_5,Haemulidae,Plectorhinchus,flavomaculatus,1,5
SBY_20110622_SB_DOV_5,Pomacentridae,Pomacentrus,coelestis,56,5
SBY_20110622_SB_DOV_5,Pomacentridae,Pomacentrus,coelestis,32,5
SBY_20110622_SB_DOV_5,Scaridae,Scarus,ghobban,1,5
SBY_20110622_SB_DOV_5,Pomacentridae,Stegastes,obreptus,8,5
SBY_20110622_SB_DOV_5,Pomacentridae,Stegastes,obreptus,18,5
SBY_20110622_SB_DOV_5,Labridae,Thalassoma,lunare,8,5
SBY_20110622_SB_DOV_5,Labridae,Thalassoma,lunare,22,5
SBY_20110622_SB_DOV_5,Labridae,Thalassoma,lutescens,1,5
SBY_20110622_SB_DOV_5,Labridae,Thalassoma,lutescens,7,5
SBY_20110622_SB_DOV_5,Labridae,Choerodon,spp,2,5
SBY_20110622_SB_DOV_5,Labridae,Unknown,spp,10,5
SBY_20110622_SB_DOV_5,Labridae,Unknown,spp,33,5
SBY_20110622_SB_DOV_5,Pomacentridae,Unknown,spp,2,5
SBY_20110622_SB_DOV_5,Pomacentridae,Pomacentrus,spp,2,5
SBY_20110622_SB_DOV_5,Scaridae,Unknown,spp,1,5
SBY_20110622_SB_DOV_6,Labridae,Coris,auricularis,1,6
SBY_20110622_SB_DOV_6,Labridae,Coris,auricularis,1,6
SBY_20110622_SB_DOV_6,Labridae,Coris,auricularis,1,6
SBY_20110622_SB_DOV_6,Pomacentridae,Stegastes,obreptus,1,6
SBY_20110622_SB_DOV_6,Pomacentridae,Stegastes,obreptus,1,6
SBY_20110622_SB_DOV_6,Pomacentridae,Stegastes,obreptus,1,6
SBY_20110622_SB_DOV_6,Chaetodontidae,Chaetodon,trifascialis,1,6
SBY_20110622_SB_DOV_6,Chaetodontidae,Chaetodon,trifascialis,1,6
SBY_20110622_SB_DOV_6,Labridae,Thalassoma,lutescens,1,6
SBY_20110622_SB_DOV_6,Pomacentridae,Stegastes,obreptus,1,6
SBY_20110622_SB_DOV_6,Labridae,Thalassoma,lutescens,1,6
SBY_20110622_SB_DOV_6,Acanthuridae,Acanthurus,triostegus,5,6
SBY_20110622_SB_DOV_6,Chaetodontidae,Chaetodon,auriga,1,6
SBY_20110622_SB_DOV_6,Chaetodontidae,Chaetodon,plebeius,1,6
SBY_20110622_SB_DOV_6,Chaetodontidae,Chaetodon,plebeius,4,6
SBY_20110622_SB_DOV_6,Chaetodontidae,Chaetodon,plebeius,1,6
SBY_20110622_SB_DOV_6,Chaetodontidae,Chaetodon,trifascialis,9,6
SBY_20110622_SB_DOV_6,Chaetodontidae,Chaetodon,trifascialis,2,6
SBY_20110622_SB_DOV_6,Scaridae,Chlorurus,sordidus,13,6
SBY_20110622_SB_DOV_6,Labridae,Coris,auricularis,1,6
SBY_20110622_SB_DOV_6,Labridae,Coris,auricularis,1,6
SBY_20110622_SB_DOV_6,Kyphosidae,Kyphosus,cornelii,2,6
SBY_20110622_SB_DOV_6,Scorpididae,Microcanthus,strigatus,1,6
SBY_20110622_SB_DOV_6,Mullidae,Parupeneus,spilurus,1,6
SBY_20110622_SB_DOV_6,Mullidae,Parupeneus,spilurus,1,6
SBY_20110622_SB_DOV_6,Nemipteridae,Pentapodus,vitta,1,6
SBY_20110622_SB_DOV_6,Pomacentridae,Plectroglyphidodon,johnstonianus,2,6
SBY_20110622_SB_DOV_6,Pomacentridae,Pomacentrus,coelestis,1,6
SBY_20110622_SB_DOV_6,Pomacentridae,Stegastes,obreptus,16,6
SBY_20110622_SB_DOV_6,Pomacentridae,Stegastes,obreptus,10,6
SBY_20110622_SB_DOV_6,Labridae,Thalassoma,lunare,6,6
SBY_20110622_SB_DOV_6,Labridae,Thalassoma,lunare,6,6
SBY_20110622_SB_DOV_6,Labridae,Thalassoma,lutescens,4,6
SBY_20110622_SB_DOV_6,Labridae,Thalassoma,lutescens,4,6
SBY_20110622_SB_DOV_6,Labridae,Unknown,spp,12,6
SBY_20110622_SB_DOV_6,Labridae,Unknown,spp,20,6
SBY_20110622_SB_DOV_6,Pomacentridae,Unknown,spp,1,6
SBY_20110622_SB_DOV_6,Pomacentridae,Pomacentrus,spp,2,6
SBY_20110623_BF_DOV_1,Pomacentridae,Abudefduf,bengalensis,1,1
SBY_20110623_BF_DOV_1,Pomacentridae,Neopomacentrus,filamentosus,1,1
SBY_20110623_BF_DOV_1,Pomacentridae,Neopomacentrus,filamentosus,1,1
SBY_20110623_BF_DOV_1,Pomacentridae,Neopomacentrus,filamentosus,1,1
SBY_20110623_BF_DOV_1,Pomacentridae,Neopomacentrus,filamentosus,1,1
SBY_20110623_BF_DOV_1,Pomacentridae,Neopomacentrus,filamentosus,1,1
SBY_20110623_BF_DOV_1,Pomacentridae,Abudefduf,bengalensis,7,1
SBY_20110623_BF_DOV_1,Pomacentridae,Abudefduf,bengalensis,40,1
SBY_20110623_BF_DOV_1,Labridae,Choerodon,cyanodus,1,1
SBY_20110623_BF_DOV_1,Pomacentridae,Neopomacentrus,filamentosus,1698,1
SBY_20110623_BF_DOV_1,Pomacentridae,Neopomacentrus,filamentosus,1297,1
SBY_20110623_BF_DOV_1,Pomacentridae,Stegastes,obreptus,2,1
SBY_20110623_BF_DOV_1,Lethrinidae,Unknown,spp,1,1
SBY_20110623_BF_DOV_1,Pomacanthidae,Pomacanthus,spp,1,1
SBY_20110623_BF_DOV_1,Pomacentridae,Unknown,spp,4,1
SBY_20110623_BF_DOV_1,Pomacentridae,Unknown,spp,1,1
SBY_20110623_BF_DOV_2,Pomacentridae,Neopomacentrus,filamentosus,1,2
SBY_20110623_BF_DOV_2,Pomacentridae,Neopomacentrus,filamentosus,1,2
SBY_20110623_BF_DOV_2,Pomacentridae,Neopomacentrus,filamentosus,1,2
SBY_20110623_BF_DOV_2,Pomacentridae,Abudefduf,bengalensis,1,2
SBY_20110623_BF_DOV_2,Pomacentridae,Abudefduf,bengalensis,1,2
SBY_20110623_BF_DOV_2,Haemulidae,Unknown,spp,1,2
SBY_20110623_BF_DOV_2,Pomacentridae,Abudefduf,bengalensis,1,2
SBY_20110623_BF_DOV_2,Pomacentridae,Abudefduf,bengalensis,1,2
SBY_20110623_BF_DOV_2,Pomacentridae,Abudefduf,bengalensis,1,2
SBY_20110623_BF_DOV_2,Pomacentridae,Abudefduf,bengalensis,1,2
SBY_20110623_BF_DOV_2,Pomacentridae,Abudefduf,bengalensis,1,2
SBY_20110623_BF_DOV_2,Pomacentridae,Abudefduf,bengalensis,1,2
SBY_20110623_BF_DOV_2,Pomacentridae,Abudefduf,bengalensis,1,2
SBY_20110623_BF_DOV_2,Pomacentridae,Abudefduf,bengalensis,1,2
SBY_20110623_BF_DOV_2,Pomacentridae,Abudefduf,bengalensis,1,2
SBY_20110623_BF_DOV_2,Pomacentridae,Abudefduf,bengalensis,1,2
SBY_20110623_BF_DOV_2,Pomacentridae,Abudefduf,bengalensis,1,2
SBY_20110623_BF_DOV_2,Pomacentridae,Abudefduf,bengalensis,1,2
SBY_20110623_BF_DOV_2,Pomacentridae,Abudefduf,bengalensis,1,2
SBY_20110623_BF_DOV_2,Pomacentridae,Abudefduf,bengalensis,201,2
SBY_20110623_BF_DOV_2,Pomacentridae,Abudefduf,bengalensis,101,2
SBY_20110623_BF_DOV_2,Pomacanthidae,Chaetodontoplus,duboulayi,1,2
SBY_20110623_BF_DOV_2,Labridae,Choerodon,schoenleinii,1,2
SBY_20110623_BF_DOV_2,Pomacentridae,Neopomacentrus,filamentosus,1030,2
SBY_20110623_BF_DOV_2,Pomacentridae,Neopomacentrus,filamentosus,777,2
SBY_20110623_BF_DOV_2,Nemipteridae,Scaevius,milii,8,2
SBY_20110623_BF_DOV_2,Pomacentridae,Stegastes,obreptus,1,2
SBY_20110623_BF_DOV_2,Pomacentridae,Unknown,spp,1,2
SBY_20110623_BF_DOV_2,Pomacentridae,Unknown,spp,2,2
SBY_20110623_BF_DOV_2,Sphyraenidae,Unknown,spp,1,2
SBY_20110623_BF_DOV_3,Haemulidae,Plectorhinchus,flavomaculatus,1,3
SBY_20110623_BF_DOV_3,Pomacentridae,Abudefduf,bengalensis,1,3
SBY_20110623_BF_DOV_3,Pomacentridae,Abudefduf,bengalensis,1,3
SBY_20110623_BF_DOV_3,Sphyraenidae,Sphyraena,obtusata,1,3
SBY_20110623_BF_DOV_3,Pomacentridae,Abudefduf,bengalensis,22,3
SBY_20110623_BF_DOV_3,Pomacentridae,Abudefduf,bengalensis,2,3
SBY_20110623_BF_DOV_3,Chaetodontidae,Chaetodon,aureofasciatus,1,3
SBY_20110623_BF_DOV_3,Pomacentridae,Neopomacentrus,filamentosus,1000,3
SBY_20110623_BF_DOV_3,Pomacentridae,Neopomacentrus,filamentosus,1000,3
SBY_20110623_BF_DOV_3,Pomacentridae,Stegastes,obreptus,4,3
SBY_20110623_BF_DOV_3,Pomacentridae,Unknown,spp,1,3
SBY_20110623_BF_DOV_3,Pomacentridae,Unknown,spp,6,3
SBY_20110623_BF_DOV_4,Pomacentridae,Abudefduf,bengalensis,1,4
SBY_20110623_BF_DOV_4,Pomacentridae,Abudefduf,bengalensis,1,4
SBY_20110623_BF_DOV_4,Pomacentridae,Abudefduf,bengalensis,39,4
SBY_20110623_BF_DOV_4,Pomacentridae,Abudefduf,bengalensis,2,4
SBY_20110623_BF_DOV_4,Chaetodontidae,Chaetodon,aureofasciatus,2,4
SBY_20110623_BF_DOV_4,Pomacentridae,Neopomacentrus,filamentosus,1000,4
SBY_20110623_BF_DOV_4,Pomacentridae,Neopomacentrus,filamentosus,1100,4
SBY_20110623_BF_DOV_4,Sphyraenidae,Sphyraena,obtusata,1,4
SBY_20110623_BF_DOV_4,Pomacentridae,Stegastes,obreptus,2,4
SBY_20110623_BF_DOV_4,Pomacentridae,Stegastes,obreptus,3,4
SBY_20110623_BF_DOV_4,Labridae,Choerodon,spp,2,4
SBY_20110623_BF_DOV_4,Lethrinidae,Unknown,spp,1,4
SBY_20110623_BF_DOV_4,Lethrinidae,Unknown,spp,1,4
SBY_20110623_BF_DOV_4,Pomacentridae,Unknown,spp,1,4
SBY_20110623_BF_DOV_5,Pomacentridae,Abudefduf,bengalensis,1,5
SBY_20110623_BF_DOV_5,Labridae,Choerodon,cyanodus,1,5
SBY_20110623_BF_DOV_5,Pomacentridae,Abudefduf,bengalensis,1,5
SBY_20110623_BF_DOV_5,Nemipteridae,Pentapodus,vitta,1,5
SBY_20110623_BF_DOV_5,Pomacentridae,Abudefduf,bengalensis,17,5
SBY_20110623_BF_DOV_5,Pomacentridae,Abudefduf,bengalensis,7,5
SBY_20110623_BF_DOV_5,Labridae,Choerodon,cyanodus,1,5
SBY_20110623_BF_DOV_5,Pomacentridae,Neopomacentrus,filamentosus,805,5
SBY_20110623_BF_DOV_5,Pomacentridae,Neopomacentrus,filamentosus,650,5
SBY_20110623_BF_DOV_5,Nemipteridae,Pentapodus,vitta,2,5
SBY_20110623_BF_DOV_5,Sphyraenidae,Sphyraena,obtusata,1,5
SBY_20110623_BF_DOV_5,Pomacentridae,Stegastes,obreptus,10,5
SBY_20110623_BF_DOV_5,Pomacentridae,Stegastes,obreptus,3,5
SBY_20110623_BF_DOV_5,Chaetodontidae,Unknown,spp,1,5
SBY_20110623_BF_DOV_5,Labridae,Choerodon,spp,5,5
SBY_20110623_BF_DOV_5,Lethrinidae,Unknown,spp,1,5
SBY_20110623_BF_DOV_5,Pomacentridae,Unknown,spp,8,5
SBY_20110623_BF_DOV_5,Pomacentridae,Unknown,spp,3,5
SBY_20110623_BF_DOV_5,Scaridae,Unknown,spp,1,5
SBY_20110623_BF_DOV_6,Lutjanidae,Lutjanus,carponotatus,1,6
SBY_20110623_BF_DOV_6,Pomacentridae,Neopomacentrus,filamentosus,1,6
SBY_20110623_BF_DOV_6,Pomacentridae,Abudefduf,bengalensis,1,6
SBY_20110623_BF_DOV_6,Pomacentridae,Neopomacentrus,filamentosus,1,6
SBY_20110623_BF_DOV_6,Pomacentridae,Abudefduf,bengalensis,2,6
SBY_20110623_BF_DOV_6,Pomacentridae,Abudefduf,bengalensis,1,6
SBY_20110623_BF_DOV_6,Chaetodontidae,Chaetodon,aureofasciatus,1,6
SBY_20110623_BF_DOV_6,Labridae,Choerodon,cyanodus,1,6
SBY_20110623_BF_DOV_6,Labridae,Choerodon,schoenleinii,1,6
SBY_20110623_BF_DOV_6,Lutjanidae,Lutjanus,carponotatus,1,6
SBY_20110623_BF_DOV_6,Lutjanidae,Lutjanus,carponotatus,1,6
SBY_20110623_BF_DOV_6,Pomacentridae,Neopomacentrus,filamentosus,899,6
SBY_20110623_BF_DOV_6,Pomacentridae,Neopomacentrus,filamentosus,744,6
SBY_20110623_BF_DOV_6,Nemipteridae,Pentapodus,vitta,1,6
SBY_20110623_BF_DOV_6,Pomacentridae,Stegastes,obreptus,3,6
SBY_20110623_BF_DOV_6,Pomacentridae,Stegastes,obreptus,1,6
SBY_20110623_BF_DOV_6,Labridae,Choerodon,spp,1,6
SBY_20110623_BF_DOV_6,Labridae,Choerodon,spp,1,6
SBY_20110623_BF_DOV_6,Lethrinidae,Unknown,spp,1,6
SBY_20110623_BF_DOV_6,Pomacentridae,Unknown,spp,1,6
SBY_20110623_SP2_DOV_1,Labridae,Choerodon,cyanodus,1,1
SBY_20110623_SP2_DOV_1,Labridae,Choerodon,cauteroma,1,1
SBY_20110623_SP2_DOV_1,Pomacentridae,Neopomacentrus,filamentosus,1,1
SBY_20110623_SP2_DOV_1,Pomacentridae,Neopomacentrus,filamentosus,1,1
SBY_20110623_SP2_DOV_1,Pomacentridae,Abudefduf,bengalensis,1,1
SBY_20110623_SP2_DOV_1,Lutjanidae,Lutjanus,carponotatus,1,1
SBY_20110623_SP2_DOV_1,Labridae,Choerodon,cauteroma,1,1
SBY_20110623_SP2_DOV_1,Labridae,Choerodon,cauteroma,1,1
SBY_20110623_SP2_DOV_1,Pomacentridae,Neopomacentrus,filamentosus,1,1
SBY_20110623_SP2_DOV_1,Pomacentridae,Abudefduf,bengalensis,1,1
SBY_20110623_SP2_DOV_1,Scaridae,Scarus,ghobban,1,1
SBY_20110623_SP2_DOV_1,Pomacentridae,Abudefduf,bengalensis,1,1
SBY_20110623_SP2_DOV_1,Siganidae,Siganus,fuscescens,1,1
SBY_20110623_SP2_DOV_1,Siganidae,Siganus,fuscescens,1,1
SBY_20110623_SP2_DOV_1,Labridae,Choerodon,cauteroma,1,1
SBY_20110623_SP2_DOV_1,Labridae,Choerodon,cauteroma,1,1
SBY_20110623_SP2_DOV_1,Siganidae,Siganus,fuscescens,1,1
SBY_20110623_SP2_DOV_1,Pomacentridae,Neopomacentrus,filamentosus,1,1
SBY_20110623_SP2_DOV_1,Pomacentridae,Neopomacentrus,filamentosus,1,1
SBY_20110623_SP2_DOV_1,Pomacentridae,Neopomacentrus,filamentosus,1,1
SBY_20110623_SP2_DOV_1,Pomacentridae,Stegastes,obreptus,1,1
SBY_20110623_SP2_DOV_1,Pomacentridae,Neopomacentrus,filamentosus,1,1
SBY_20110623_SP2_DOV_1,Pomacentridae,Stegastes,obreptus,1,1
SBY_20110623_SP2_DOV_1,Labridae,Choerodon,schoenleinii,1,1
SBY_20110623_SP2_DOV_1,Pomacentridae,Pomacentrus,milleri,1,1
SBY_20110623_SP2_DOV_1,Pomacentridae,Neopomacentrus,filamentosus,1,1
SBY_20110623_SP2_DOV_1,Pomacentridae,Neopomacentrus,filamentosus,1,1
SBY_20110623_SP2_DOV_1,Pomacentridae,Neopomacentrus,filamentosus,1,1
SBY_20110623_SP2_DOV_1,Pomacentridae,Neopomacentrus,filamentosus,1,1
SBY_20110623_SP2_DOV_1,Labridae,Choerodon,cyanodus,1,1
SBY_20110623_SP2_DOV_1,Pomacentridae,Neopomacentrus,filamentosus,1,1
SBY_20110623_SP2_DOV_1,Labridae,Choerodon,cauteroma,1,1
SBY_20110623_SP2_DOV_1,Pomacentridae,Neopomacentrus,filamentosus,1,1
SBY_20110623_SP2_DOV_1,Pomacentridae,Stegastes,obreptus,1,1
SBY_20110623_SP2_DOV_1,Pomacentridae,Neopomacentrus,filamentosus,1,1
SBY_20110623_SP2_DOV_1,Pomacentridae,Stegastes,obreptus,1,1
SBY_20110623_SP2_DOV_1,Pomacentridae,Neopomacentrus,filamentosus,1,1
SBY_20110623_SP2_DOV_1,Pomacentridae,Neopomacentrus,filamentosus,1,1
SBY_20110623_SP2_DOV_1,Pomacentridae,Stegastes,obreptus,1,1
SBY_20110623_SP2_DOV_1,Lutjanidae,Lutjanus,carponotatus,1,1
SBY_20110623_SP2_DOV_1,Pomacentridae,Abudefduf,bengalensis,1,1
SBY_20110623_SP2_DOV_1,Pomacentridae,Pomacentrus,spp,1,1
SBY_20110623_SP2_DOV_1,Lutjanidae,Lutjanus,carponotatus,1,1
SBY_20110623_SP2_DOV_1,Labridae,Choerodon,spp,1,1
SBY_20110623_SP2_DOV_1,Pomacentridae,Abudefduf,bengalensis,1,1
SBY_20110623_SP2_DOV_1,Pomacentridae,Abudefduf,bengalensis,1,1
SBY_20110623_SP2_DOV_1,Pomacentridae,Abudefduf,bengalensis,4,1
SBY_20110623_SP2_DOV_1,Pomacentridae,Abudefduf,bengalensis,4,1
SBY_20110623_SP2_DOV_1,Chaetodontidae,Chaetodon,aureofasciatus,1,1
SBY_20110623_SP2_DOV_1,Labridae,Choerodon,cauteroma,1,1
SBY_20110623_SP2_DOV_1,Labridae,Choerodon,cauteroma,4,1
SBY_20110623_SP2_DOV_1,Labridae,Choerodon,schoenleinii,1,1
SBY_20110623_SP2_DOV_1,Labridae,Halichoeres,nebulosus,1,1
SBY_20110623_SP2_DOV_1,Lutjanidae,Lutjanus,carponotatus,2,1
SBY_20110623_SP2_DOV_1,Pomacentridae,Neopomacentrus,filamentosus,381,1
SBY_20110623_SP2_DOV_1,Pomacentridae,Neopomacentrus,filamentosus,498,1
SBY_20110623_SP2_DOV_1,Haemulidae,Plectorhinchus,flavomaculatus,1,1
SBY_20110623_SP2_DOV_1,Haemulidae,Plectorhinchus,flavomaculatus,1,1
SBY_20110623_SP2_DOV_1,Pomacentridae,Pomacentrus,milleri,5,1
SBY_20110623_SP2_DOV_1,Pomacentridae,Pomacentrus,milleri,4,1
SBY_20110623_SP2_DOV_1,Scaridae,Scarus,ghobban,6,1
SBY_20110623_SP2_DOV_1,Scaridae,Scarus,ghobban,5,1
SBY_20110623_SP2_DOV_1,Nemipteridae,Scolopsis,bilineata,1,1
SBY_20110623_SP2_DOV_1,Siganidae,Siganus,fuscescens,57,1
SBY_20110623_SP2_DOV_1,Pomacentridae,Stegastes,obreptus,3,1
SBY_20110623_SP2_DOV_1,Labridae,Choerodon,spp,2,1
SBY_20110623_SP2_DOV_1,Labridae,Choerodon,spp,1,1
SBY_20110623_SP2_DOV_1,Pomacentridae,Unknown,spp,2,1
SBY_20110623_SP2_DOV_1,Pomacentridae,Unknown,spp,3,1
SBY_20110623_SP2_DOV_1,Pomacentridae,Pomacentrus,spp,1,1
SBY_20110623_SP2_DOV_2,Pomacentridae,Abudefduf,bengalensis,1,2
SBY_20110623_SP2_DOV_2,Pomacentridae,Neopomacentrus,filamentosus,1,2
SBY_20110623_SP2_DOV_2,Pomacentridae,Neopomacentrus,filamentosus,1,2
SBY_20110623_SP2_DOV_2,Labridae,Choerodon,cauteroma,1,2
SBY_20110623_SP2_DOV_2,Lutjanidae,Lutjanus,carponotatus,1,2
SBY_20110623_SP2_DOV_2,Labridae,Coris,auricularis,1,2
SBY_20110623_SP2_DOV_2,Pomacentridae,Neopomacentrus,filamentosus,1,2
SBY_20110623_SP2_DOV_2,Pomacentridae,Pomacentrus,milleri,1,2
SBY_20110623_SP2_DOV_2,Pomacentridae,Neopomacentrus,filamentosus,1,2
SBY_20110623_SP2_DOV_2,Pomacentridae,Neopomacentrus,filamentosus,1,2
SBY_20110623_SP2_DOV_2,Pomacentridae,Neopomacentrus,filamentosus,1,2
SBY_20110623_SP2_DOV_2,Pomacentridae,Neopomacentrus,filamentosus,1,2
SBY_20110623_SP2_DOV_2,Pomacentridae,Neopomacentrus,filamentosus,1,2
SBY_20110623_SP2_DOV_2,Pomacentridae,Neopomacentrus,filamentosus,1,2
SBY_20110623_SP2_DOV_2,Pomacentridae,Neopomacentrus,filamentosus,1,2
SBY_20110623_SP2_DOV_2,Labridae,Choerodon,cyanodus,1,2
SBY_20110623_SP2_DOV_2,Pomacentridae,Abudefduf,bengalensis,1,2
SBY_20110623_SP2_DOV_2,Haemulidae,Plectorhinchus,flavomaculatus,1,2
SBY_20110623_SP2_DOV_2,Pomacanthidae,Chaetodontoplus,duboulayi,1,2
SBY_20110623_SP2_DOV_2,Lutjanidae,Lutjanus,carponotatus,1,2
SBY_20110623_SP2_DOV_2,Labridae,Hemigymnus,melapterus,1,2
SBY_20110623_SP2_DOV_2,Labridae,Choerodon,cauteroma,1,2
SBY_20110623_SP2_DOV_2,Pomacentridae,Neopomacentrus,filamentosus,1,2
SBY_20110623_SP2_DOV_2,Scaridae,Scarus,ghobban,1,2
SBY_20110623_SP2_DOV_2,Chaetodontidae,Chaetodon,aureofasciatus,1,2
SBY_20110623_SP2_DOV_2,Pomacentridae,Abudefduf,bengalensis,1,2
SBY_20110623_SP2_DOV_2,Pomacentridae,Neopomacentrus,filamentosus,1,2
SBY_20110623_SP2_DOV_2,Pomacentridae,Abudefduf,bengalensis,5,2
SBY_20110623_SP2_DOV_2,Pomacentridae,Abudefduf,bengalensis,5,2
SBY_20110623_SP2_DOV_2,Carangidae,Carangoides,fulvoguttatus,1,2
SBY_20110623_SP2_DOV_2,Chaetodontidae,Chaetodon,aureofasciatus,1,2
SBY_20110623_SP2_DOV_2,Chaetodontidae,Chaetodon,aureofasciatus,1,2
SBY_20110623_SP2_DOV_2,Chaetodontidae,Chaetodon,plebeius,1,2
SBY_20110623_SP2_DOV_2,Pomacanthidae,Chaetodontoplus,duboulayi,1,2
SBY_20110623_SP2_DOV_2,Chaetodontidae,Chelmon,marginalis,1,2
SBY_20110623_SP2_DOV_2,Labridae,Choerodon,cauteroma,4,2
SBY_20110623_SP2_DOV_2,Labridae,Choerodon,schoenleinii,2,2
SBY_20110623_SP2_DOV_2,Labridae,Halichoeres,nebulosus,1,2
SBY_20110623_SP2_DOV_2,Labridae,Hemigymnus,melapterus,2,2
SBY_20110623_SP2_DOV_2,Lutjanidae,Lutjanus,carponotatus,1,2
SBY_20110623_SP2_DOV_2,Lutjanidae,Lutjanus,carponotatus,1,2
SBY_20110623_SP2_DOV_2,Lutjanidae,Lutjanus,lemniscatus,1,2
SBY_20110623_SP2_DOV_2,Pomacentridae,Neopomacentrus,filamentosus,575,2
SBY_20110623_SP2_DOV_2,Pomacentridae,Neopomacentrus,filamentosus,508,2
SBY_20110623_SP2_DOV_2,Pomacentridae,Pomacentrus,milleri,6,2
SBY_20110623_SP2_DOV_2,Pomacentridae,Pomacentrus,milleri,3,2
SBY_20110623_SP2_DOV_2,Pomacentridae,Stegastes,obreptus,1,2
SBY_20110623_SP2_DOV_2,Pomacentridae,Stegastes,obreptus,1,2
SBY_20110623_SP2_DOV_2,Caesionidae,Unknown,spp,40,2
SBY_20110623_SP2_DOV_2,Labridae,Choerodon,spp,1,2
SBY_20110623_SP2_DOV_2,Labridae,Choerodon,spp,2,2
SBY_20110623_SP2_DOV_2,Gobiidae,Unknown,spp,10,2
SBY_20110623_SP2_DOV_2,Pomacentridae,Unknown,spp,3,2
SBY_20110623_SP2_DOV_2,Pomacentridae,Unknown,spp,2,2
SBY_20110623_SP2_DOV_2,Pomacentridae,Pomacentrus,spp,2,2
SBY_20110623_SP2_DOV_3,Labridae,Choerodon,cauteroma,1,3
SBY_20110623_SP2_DOV_3,Labridae,Thalassoma,lunare,1,3
SBY_20110623_SP2_DOV_3,Pomacentridae,Abudefduf,bengalensis,1,3
SBY_20110623_SP2_DOV_3,Pomacentridae,Abudefduf,bengalensis,1,3
SBY_20110623_SP2_DOV_3,Pomacentridae,Abudefduf,bengalensis,1,3
SBY_20110623_SP2_DOV_3,Pomacentridae,Neopomacentrus,filamentosus,1,3
SBY_20110623_SP2_DOV_3,Pomacentridae,Neopomacentrus,filamentosus,1,3
SBY_20110623_SP2_DOV_3,Pomacentridae,Abudefduf,bengalensis,1,3
SBY_20110623_SP2_DOV_3,Labridae,Choerodon,spp,1,3
SBY_20110623_SP2_DOV_3,Pomacentridae,Abudefduf,bengalensis,1,3
SBY_20110623_SP2_DOV_3,Serranidae,Plectropomus,spp,1,3
SBY_20110623_SP2_DOV_3,Labridae,Choerodon,cyanodus,1,3
SBY_20110623_SP2_DOV_3,Pomacentridae,Pomacentrus,milleri,1,3
SBY_20110623_SP2_DOV_3,Serranidae,Plectropomus,spp,1,3
SBY_20110623_SP2_DOV_3,Pomacentridae,Abudefduf,bengalensis,1,3
SBY_20110623_SP2_DOV_3,Pomacentridae,Abudefduf,bengalensis,1,3
SBY_20110623_SP2_DOV_3,Pomacentridae,Neopomacentrus,filamentosus,1,3
SBY_20110623_SP2_DOV_3,Labridae,Choerodon,cauteroma,1,3
SBY_20110623_SP2_DOV_3,Pomacentridae,Abudefduf,bengalensis,1,3
SBY_20110623_SP2_DOV_3,Serranidae,Plectropomus,maculatus,1,3
SBY_20110623_SP2_DOV_3,Serranidae,Plectropomus,maculatus,1,3
SBY_20110623_SP2_DOV_3,Pomacentridae,Abudefduf,bengalensis,1,3
SBY_20110623_SP2_DOV_3,Pomacentridae,Neopomacentrus,filamentosus,1,3
SBY_20110623_SP2_DOV_3,Pomacentridae,Neopomacentrus,filamentosus,1,3
SBY_20110623_SP2_DOV_3,Pomacentridae,Neopomacentrus,filamentosus,1,3
SBY_20110623_SP2_DOV_3,Pomacentridae,Pomacentrus,milleri,1,3
SBY_20110623_SP2_DOV_3,Pomacentridae,Pomacentrus,milleri,1,3
SBY_20110623_SP2_DOV_3,Pomacentridae,Neopomacentrus,filamentosus,1,3
SBY_20110623_SP2_DOV_3,Pomacentridae,Abudefduf,bengalensis,8,3
SBY_20110623_SP2_DOV_3,Pomacentridae,Abudefduf,bengalensis,13,3
SBY_20110623_SP2_DOV_3,Chaetodontidae,Chaetodon,aureofasciatus,3,3
SBY_20110623_SP2_DOV_3,Chaetodontidae,Chaetodon,aureofasciatus,2,3
SBY_20110623_SP2_DOV_3,Pomacanthidae,Chaetodontoplus,duboulayi,2,3
SBY_20110623_SP2_DOV_3,Pomacanthidae,Chaetodontoplus,duboulayi,2,3
SBY_20110623_SP2_DOV_3,Chaetodontidae,Chelmon,marginalis,1,3
SBY_20110623_SP2_DOV_3,Chaetodontidae,Chelmon,marginalis,1,3
SBY_20110623_SP2_DOV_3,Labridae,Choerodon,cauteroma,1,3
SBY_20110623_SP2_DOV_3,Labridae,Choerodon,cauteroma,2,3
SBY_20110623_SP2_DOV_3,Labridae,Choerodon,cyanodus,1,3
SBY_20110623_SP2_DOV_3,Labridae,Choerodon,schoenleinii,1,3
SBY_20110623_SP2_DOV_3,Labridae,Labroides,dimidiatus,1,3
SBY_20110623_SP2_DOV_3,Pomacentridae,Neopomacentrus,filamentosus,379,3
SBY_20110623_SP2_DOV_3,Pomacentridae,Neopomacentrus,filamentosus,387,3
SBY_20110623_SP2_DOV_3,Haemulidae,Plectorhinchus,flavomaculatus,1,3
SBY_20110623_SP2_DOV_3,Serranidae,Plectropomus,maculatus,1,3
SBY_20110623_SP2_DOV_3,Pomacentridae,Pomacentrus,milleri,1,3
SBY_20110623_SP2_DOV_3,Pomacentridae,Pomacentrus,milleri,8,3
SBY_20110623_SP2_DOV_3,Pomacentridae,Pomacentrus,milleri,2,3
SBY_20110623_SP2_DOV_3,Scaridae,Scarus,ghobban,1,3
SBY_20110623_SP2_DOV_3,Scaridae,Scarus,ghobban,1,3
SBY_20110623_SP2_DOV_3,Pomacentridae,Stegastes,obreptus,3,3
SBY_20110623_SP2_DOV_3,Pomacentridae,Stegastes,obreptus,2,3
SBY_20110623_SP2_DOV_3,Chaetodontidae,Chaetodon,spp,1,3
SBY_20110623_SP2_DOV_3,Serranidae,Plectropomus,spp,2,3
SBY_20110623_SP2_DOV_3,Pomacentridae,Unknown,spp,8,3
SBY_20110623_SP2_DOV_3,Pomacentridae,Stegastes,spp,1,3
SBY_20110623_SP2_DOV_4,Carangidae,Carangoides,fulvoguttatus,1,4
SBY_20110623_SP2_DOV_4,Carangidae,Carangoides,fulvoguttatus,1,4
SBY_20110623_SP2_DOV_4,Carangidae,Carangoides,fulvoguttatus,1,4
SBY_20110623_SP2_DOV_4,Labridae,Choerodon,cauteroma,1,4
SBY_20110623_SP2_DOV_4,Labridae,Coris,auricularis,1,4
SBY_20110623_SP2_DOV_4,Labridae,Choerodon,cauteroma,1,4
SBY_20110623_SP2_DOV_4,Pomacentridae,Abudefduf,bengalensis,1,4
SBY_20110623_SP2_DOV_4,Pomacentridae,Abudefduf,bengalensis,1,4
SBY_20110623_SP2_DOV_4,Labridae,Unknown,spp,1,4
SBY_20110623_SP2_DOV_4,Labridae,Unknown,spp,1,4
SBY_20110623_SP2_DOV_4,Pomacentridae,Abudefduf,bengalensis,1,4
SBY_20110623_SP2_DOV_4,Labridae,Coris,auricularis,1,4
SBY_20110623_SP2_DOV_4,Pomacentridae,Neopomacentrus,filamentosus,1,4
SBY_20110623_SP2_DOV_4,Pomacentridae,Neopomacentrus,filamentosus,1,4
SBY_20110623_SP2_DOV_4,Pomacentridae,Neopomacentrus,filamentosus,1,4
SBY_20110623_SP2_DOV_4,Pomacentridae,Abudefduf,bengalensis,1,4
SBY_20110623_SP2_DOV_4,Pomacentridae,Abudefduf,bengalensis,1,4
SBY_20110623_SP2_DOV_4,Pomacentridae,Neopomacentrus,filamentosus,1,4
SBY_20110623_SP2_DOV_4,Lutjanidae,Lutjanus,spp,1,4
SBY_20110623_SP2_DOV_4,Pomacentridae,Pomacentrus,milleri,1,4
SBY_20110623_SP2_DOV_4,Labridae,Choerodon,cauteroma,1,4
SBY_20110623_SP2_DOV_4,Pomacentridae,Abudefduf,bengalensis,1,4
SBY_20110623_SP2_DOV_4,Pomacentridae,Abudefduf,bengalensis,9,4
SBY_20110623_SP2_DOV_4,Pomacentridae,Abudefduf,bengalensis,7,4
SBY_20110623_SP2_DOV_4,Acanthuridae,Acanthurus,grammoptilus,1,4
SBY_20110623_SP2_DOV_4,Carangidae,Carangoides,fulvoguttatus,3,4
SBY_20110623_SP2_DOV_4,Chaetodontidae,Chaetodon,plebeius,1,4
SBY_20110623_SP2_DOV_4,Labridae,Choerodon,cauteroma,3,4
SBY_20110623_SP2_DOV_4,Labridae,Choerodon,cauteroma,3,4
SBY_20110623_SP2_DOV_4,Labridae,Halichoeres,nebulosus,2,4
SBY_20110623_SP2_DOV_4,Lethrinidae,Lethrinus,nebulosus,1,4
SBY_20110623_SP2_DOV_4,Lutjanidae,Lutjanus,carponotatus,1,4
SBY_20110623_SP2_DOV_4,Lutjanidae,Lutjanus,carponotatus,1,4
SBY_20110623_SP2_DOV_4,Pomacentridae,Neopomacentrus,filamentosus,279,4
SBY_20110623_SP2_DOV_4,Pomacentridae,Neopomacentrus,filamentosus,310,4
SBY_20110623_SP2_DOV_4,Haemulidae,Plectorhinchus,flavomaculatus,1,4
SBY_20110623_SP2_DOV_4,Pomacentridae,Pomacentrus,milleri,5,4
SBY_20110623_SP2_DOV_4,Scaridae,Scarus,ghobban,4,4
SBY_20110623_SP2_DOV_4,Scaridae,Scarus,ghobban,2,4
SBY_20110623_SP2_DOV_4,Pomacentridae,Stegastes,obreptus,2,4
SBY_20110623_SP2_DOV_4,Labridae,Choerodon,spp,1,4
SBY_20110623_SP2_DOV_4,Labridae,Unknown,spp,4,4
SBY_20110623_SP2_DOV_4,Lethrinidae,Lethrinus,spp,3,4
SBY_20110623_SP2_DOV_4,Lutjanidae,Lutjanus,spp,1,4
SBY_20110623_SP2_DOV_4,Serranidae,Plectropomus,spp,1,4
SBY_20110623_SP2_DOV_4,Serranidae,Plectropomus,spp,1,4
SBY_20110623_SP2_DOV_4,Pomacentridae,Unknown,spp,1,4
SBY_20110623_SP2_DOV_4,Pomacentridae,Unknown,spp,3,4
SBY_20110623_SP2_DOV_5,Pomacentridae,Abudefduf,bengalensis,1,5
SBY_20110623_SP2_DOV_5,Pomacentridae,Abudefduf,bengalensis,1,5
SBY_20110623_SP2_DOV_5,Pomacentridae,Neopomacentrus,filamentosus,1,5
SBY_20110623_SP2_DOV_5,Pomacentridae,Neopomacentrus,filamentosus,1,5
SBY_20110623_SP2_DOV_5,Pomacentridae,Neopomacentrus,filamentosus,1,5
SBY_20110623_SP2_DOV_5,Pomacentridae,Neopomacentrus,filamentosus,1,5
SBY_20110623_SP2_DOV_5,Pomacentridae,Neopomacentrus,filamentosus,1,5
SBY_20110623_SP2_DOV_5,Labridae,Halichoeres,nebulosus,1,5
SBY_20110623_SP2_DOV_5,Labridae,Choerodon,cauteroma,1,5
SBY_20110623_SP2_DOV_5,Pomacentridae,Neopomacentrus,filamentosus,1,5
SBY_20110623_SP2_DOV_5,Pomacentridae,Neopomacentrus,filamentosus,1,5
SBY_20110623_SP2_DOV_5,Pomacentridae,Neopomacentrus,filamentosus,1,5
SBY_20110623_SP2_DOV_5,Pomacentridae,Neopomacentrus,filamentosus,1,5
SBY_20110623_SP2_DOV_5,Lethrinidae,Lethrinus,laticaudis,1,5
SBY_20110623_SP2_DOV_5,Pomacentridae,Neopomacentrus,filamentosus,1,5
SBY_20110623_SP2_DOV_5,Labridae,Choerodon,cauteroma,1,5
SBY_20110623_SP2_DOV_5,Pomacentridae,Neopomacentrus,filamentosus,1,5
SBY_20110623_SP2_DOV_5,Labridae,Choerodon,cauteroma,1,5
SBY_20110623_SP2_DOV_5,Serranidae,Plectropomus,spp,1,5
SBY_20110623_SP2_DOV_5,Pomacentridae,Abudefduf,bengalensis,1,5
SBY_20110623_SP2_DOV_5,Pomacentridae,Neopomacentrus,filamentosus,1,5
SBY_20110623_SP2_DOV_5,Pomacentridae,Neopomacentrus,filamentosus,1,5
SBY_20110623_SP2_DOV_5,Pomacentridae,Abudefduf,bengalensis,10,5
SBY_20110623_SP2_DOV_5,Pomacentridae,Abudefduf,bengalensis,10,5
SBY_20110623_SP2_DOV_5,Acanthuridae,Acanthurus,grammoptilus,1,5
SBY_20110623_SP2_DOV_5,Acanthuridae,Acanthurus,grammoptilus,4,5
SBY_20110623_SP2_DOV_5,Chaetodontidae,Chaetodon,aureofasciatus,1,5
SBY_20110623_SP2_DOV_5,Chaetodontidae,Chelmon,marginalis,1,5
SBY_20110623_SP2_DOV_5,Labridae,Choerodon,cauteroma,5,5
SBY_20110623_SP2_DOV_5,Labridae,Choerodon,cauteroma,5,5
SBY_20110623_SP2_DOV_5,Labridae,Halichoeres,nebulosus,1,5
SBY_20110623_SP2_DOV_5,Lethrinidae,Lethrinus,laticaudis,4,5
SBY_20110623_SP2_DOV_5,Lutjanidae,Lutjanus,carponotatus,3,5
SBY_20110623_SP2_DOV_5,Pomacentridae,Neopomacentrus,filamentosus,319,5
SBY_20110623_SP2_DOV_5,Pomacentridae,Neopomacentrus,filamentosus,632,5
SBY_20110623_SP2_DOV_5,Nemipteridae,Pentapodus,vitta,1,5
SBY_20110623_SP2_DOV_5,Pomacentridae,Pomacentrus,milleri,2,5
SBY_20110623_SP2_DOV_5,Pomacentridae,Pomacentrus,milleri,1,5
SBY_20110623_SP2_DOV_5,Scaridae,Scarus,ghobban,1,5
SBY_20110623_SP2_DOV_5,Scaridae,Scarus,ghobban,2,5
SBY_20110623_SP2_DOV_5,Pomacentridae,Stegastes,obreptus,1,5
SBY_20110623_SP2_DOV_5,Labridae,Choerodon,spp,1,5
SBY_20110623_SP2_DOV_5,Labridae,Unknown,spp,2,5
SBY_20110623_SP2_DOV_5,Lethrinidae,Lethrinus,spp,2,5
SBY_20110623_SP2_DOV_5,Pomacentridae,Unknown,spp,3,5
SBY_20110623_SP2_DOV_5,Pomacentridae,Unknown,spp,1,5
SBY_20110623_SP2_DOV_5,Pomacentridae,Pomacentrus,spp,1,5
SBY_20110623_SP2_DOV_6,Pomacentridae,Abudefduf,bengalensis,1,6
SBY_20110623_SP2_DOV_6,Labridae,Choerodon,cauteroma,1,6
SBY_20110623_SP2_DOV_6,Lutjanidae,Lutjanus,carponotatus,1,6
SBY_20110623_SP2_DOV_6,Carangidae,Carangoides,fulvoguttatus,1,6
SBY_20110623_SP2_DOV_6,Pomacentridae,Abudefduf,bengalensis,1,6
SBY_20110623_SP2_DOV_6,Carangidae,Carangoides,fulvoguttatus,1,6
SBY_20110623_SP2_DOV_6,Pomacentridae,Neopomacentrus,filamentosus,1,6
SBY_20110623_SP2_DOV_6,Pomacentridae,Neopomacentrus,filamentosus,1,6
SBY_20110623_SP2_DOV_6,Pomacentridae,Neopomacentrus,filamentosus,1,6
SBY_20110623_SP2_DOV_6,Labridae,Choerodon,spp,1,6
SBY_20110623_SP2_DOV_6,Pomacentridae,Abudefduf,bengalensis,1,6
SBY_20110623_SP2_DOV_6,Lutjanidae,Lutjanus,carponotatus,1,6
SBY_20110623_SP2_DOV_6,Pomacentridae,Pomacentrus,milleri,1,6
SBY_20110623_SP2_DOV_6,Pomacentridae,Pomacentrus,milleri,1,6
SBY_20110623_SP2_DOV_6,Chaetodontidae,Chaetodon,aureofasciatus,1,6
SBY_20110623_SP2_DOV_6,Pomacentridae,Stegastes,obreptus,1,6
SBY_20110623_SP2_DOV_6,Pomacentridae,Abudefduf,bengalensis,1,6
SBY_20110623_SP2_DOV_6,Pomacentridae,Abudefduf,bengalensis,8,6
SBY_20110623_SP2_DOV_6,Pomacentridae,Abudefduf,bengalensis,14,6
SBY_20110623_SP2_DOV_6,Acanthuridae,Acanthurus,grammoptilus,1,6
SBY_20110623_SP2_DOV_6,Carangidae,Carangoides,fulvoguttatus,5,6
SBY_20110623_SP2_DOV_6,Carangidae,Carangoides,fulvoguttatus,8,6
SBY_20110623_SP2_DOV_6,Chaetodontidae,Chaetodon,aureofasciatus,1,6
SBY_20110623_SP2_DOV_6,Chaetodontidae,Chaetodon,trifascialis,1,6
SBY_20110623_SP2_DOV_6,Pomacanthidae,Chaetodontoplus,duboulayi,1,6
SBY_20110623_SP2_DOV_6,Pomacanthidae,Chaetodontoplus,duboulayi,2,6
SBY_20110623_SP2_DOV_6,Chaetodontidae,Chelmon,marginalis,1,6
SBY_20110623_SP2_DOV_6,Labridae,Choerodon,cauteroma,2,6
SBY_20110623_SP2_DOV_6,Labridae,Choerodon,cauteroma,1,6
SBY_20110623_SP2_DOV_6,Labridae,Choerodon,cyanodus,1,6
SBY_20110623_SP2_DOV_6,Labridae,Coris,auricularis,1,6
SBY_20110623_SP2_DOV_6,Labridae,Hemigymnus,melapterus,2,6
SBY_20110623_SP2_DOV_6,Lutjanidae,Lutjanus,carponotatus,1,6
SBY_20110623_SP2_DOV_6,Blenniidae,Meiacanthus,grammistes,1,6
SBY_20110623_SP2_DOV_6,Pomacentridae,Neopomacentrus,filamentosus,294,6
SBY_20110623_SP2_DOV_6,Pomacentridae,Neopomacentrus,filamentosus,360,6
SBY_20110623_SP2_DOV_6,Pomacentridae,Pomacentrus,milleri,2,6
SBY_20110623_SP2_DOV_6,Pomacentridae,Pomacentrus,milleri,5,6
SBY_20110623_SP2_DOV_6,Pomacentridae,Stegastes,obreptus,2,6
SBY_20110623_SP2_DOV_6,Pomacentridae,Stegastes,obreptus,2,6
SBY_20110623_SP2_DOV_6,Pomacentridae,Unknown,spp,2,6
SBY_20110623_SP2_DOV_6,Pomacentridae,Unknown,spp,1,6
